Workbook

Sheet ECRS worksheet
A1: Pain point | B1: Eliminate it? | C1: Combine it with another step? | D1: Reorder it (do it earlier)? | E1: Simplify or automate it? | F1: Ideas it produced
A2: PP-01 Document chase (High) | B2: Stop incomplete files entering the process at all | C2: Put every missing item in one request | D2: Check completeness at capture, before the handoff | E2: Customer uploads directly against a checklist | F2: O1, O2, O3 (R2, R3 rejected)
A3: PP-02 Customer reply + branch visit to sign (High) | B3: Remove the branch visit with e-sign | C3: Combine accepting and signing | D3: — | E3: Aadhaar OTP e-sign | F3: O8
A4: PP-03 Separate 48 h mandate (High) | B4: Remove the paper mandate form | C4: Combine mandate setup with signing | D4: Set up the mandate at acceptance, not after the agreement | E4: e-mandate | F4: O8
A5: PP-04 Data typed 5 times (Medium) | B5: Customer enters data once | C5: — | D5: — | E5: Integrations for KYC/PAN, DTI and core banking | F5: O2, O4, O6, O9
A6: PP-05 Credit score checked last (Medium) | B6: — | C6: Run the bureau pull with the other checks | D6: Pull the bureau report at submission | E6: Bureau integration | F6: O4
A7: PP-06 Employer checked by email (Medium) | B7: Stop emailing HR | C7: — | D7: — | E7: Official-email OTP or employer database | F7: O5
A8: PP-07 Referrals by email (Medium) | B8: Stop routing by email | C8: — | D8: — | E8: Queues with time limits in the LOS | F8: O7 (R4 rejected)
A9: PP-09 Missing evidence found at the end (Medium) | B9: Skipping the check was considered and rejected | C9: — | D9: Collect evidence during the process | E9: Automatic evidence checklist | F9: O10 (R1 rejected)
A10: PP-10 No status visibility (Medium) | B10: — | C10: — | D10: — | E10: Automatic status updates | F10: O11
A11: PP-08 Income checked twice (Low) | B11: Remove the duplicate check | C11: One automated income and DTI calculation | D11: — | E11: Auto-decide in-policy applications | F11: O6
A13: Each pain point was put through the four ECRS questions; '—' means the question produced no useful idea. The ideas are scored on the Options tab.

Sheet Options
A1: ID | B1: Improvement idea | C1: ECRS type | D1: Pain points addressed | E1: Impact (1–5) | F1: Effort (1–5) | G1: Keeps every regulatory control? | H1: Score | I1: Decision | J1: Part of chosen improvement
A2: O1 | B2: Enforce the mandatory-document checklist in the application; block submission until every document is present and readable | C2: Simplify / Reorder | D2: PP-01 | E2: 5 | F2: 3 | G2: Yes | H2: =E2*(6-F2) -> 15 | I2: =IF(G2="No","Rejected: removes a control",IF(H2>=8,"Shortlisted","Not shortlisted: score below 8")) -> Shortlisted | J2: I1
A3: O2 | B3: Customer self-service digital application with document upload and e-consent, so data is entered once (staff-assisted mode for branch walk-ins) | C3: Eliminate | D3: PP-01, PP-04 | E3: 4 | F3: 3 | G3: Yes | H3: =E3*(6-F3) -> 12 | I3: =IF(G3="No","Rejected: removes a control",IF(H3>=8,"Shortlisted","Not shortlisted: score below 8")) -> Shortlisted | J3: I1
A4: O3 | B4: One consolidated request listing every missing item, with a secure upload link | C4: Combine | D4: PP-01 | E4: 3 | F4: 2 | G4: Yes | H4: =E4*(6-F4) -> 12 | I4: =IF(G4="No","Rejected: removes a control",IF(H4>=8,"Shortlisted","Not shortlisted: score below 8")) -> Shortlisted | J4: I1
A5: O4 | B5: Run e-KYC / CKYC, PAN validation, fraud and negative-list screening and the credit bureau pull automatically at submission | C5: Reorder / Automate | D5: PP-04, PP-05 | E5: 4 | F5: 3 | G5: Yes | H5: =E5*(6-F5) -> 12 | I5: =IF(G5="No","Rejected: removes a control",IF(H5>=8,"Shortlisted","Not shortlisted: score below 8")) -> Shortlisted | J5: I2
A6: O5 | B6: Verify employment by official-email OTP or an employer database instead of emailing HR | C6: Automate | D6: PP-06 | E6: 4 | F6: 3 | G6: Yes | H6: =E6*(6-F6) -> 12 | I6: =IF(G6="No","Rejected: removes a control",IF(H6>=8,"Shortlisted","Not shortlisted: score below 8")) -> Shortlisted | J6: I2
A7: O6 | B7: Calculate DTI automatically from bureau and bank-statement data; auto-decide applications that meet policy, refer the rest to an underwriter | C7: Simplify / Combine | D7: PP-04, PP-08 | E7: 4 | F7: 4 | G7: Yes | H7: =E7*(6-F7) -> 8 | I7: =IF(G7="No","Rejected: removes a control",IF(H7>=8,"Shortlisted","Not shortlisted: score below 8")) -> Shortlisted | J7: I3
A8: O7 | B8: Route screening hits and deviation approvals through the LOS with SLAs and escalation instead of email | C8: Simplify | D8: PP-07 | E8: 3 | F8: 2 | G8: Yes | H8: =E8*(6-F8) -> 12 | I8: =IF(G8="No","Rejected: removes a control",IF(H8>=8,"Shortlisted","Not shortlisted: score below 8")) -> Shortlisted | J8: I5
A9: O8 | B9: One digital closing step: accept the offer, e-sign the agreement (Aadhaar OTP) and set up the e-mandate in one session, after the KFS is shown | C9: Combine | D9: PP-02, PP-03 | E9: 5 | F9: 3 | G9: Yes | H9: =E9*(6-F9) -> 15 | I9: =IF(G9="No","Rejected: removes a control",IF(H9>=8,"Shortlisted","Not shortlisted: score below 8")) -> Shortlisted | J9: I4
A10: O9 | B10: Integrate the LOS with the core banking system so the loan account is created without re-keying | C10: Eliminate | D10: PP-04 | E10: 3 | F10: 3 | G10: Yes | H10: =E10*(6-F10) -> 9 | I10: =IF(G10="No","Rejected: removes a control",IF(H10>=8,"Shortlisted","Not shortlisted: score below 8")) -> Shortlisted | J10: I6
A11: O10 | B11: Compile compliance evidence automatically during the process; block disbursal until the checklist is complete | C11: Simplify | D11: PP-09 | E11: 3 | F11: 2 | G11: Yes | H11: =E11*(6-F11) -> 12 | I11: =IF(G11="No","Rejected: removes a control",IF(H11>=8,"Shortlisted","Not shortlisted: score below 8")) -> Shortlisted | J11: I5
A12: O11 | B12: Automatic status updates to the customer and branch at each stage | C12: Simplify | D12: PP-10 | E12: 2 | F12: 2 | G12: Yes | H12: =E12*(6-F12) -> 8 | I12: =IF(G12="No","Rejected: removes a control",IF(H12>=8,"Shortlisted","Not shortlisted: score below 8")) -> Shortlisted | J12: I5
A13: R1 | B13: Skip the final compliance check for loans under ₹1 lakh | C13: Eliminate | D13: PP-09 | E13: 2 | F13: 1 | G13: No | H13: =E13*(6-F13) -> 10 | I13: =IF(G13="No","Rejected: removes a control",IF(H13>=8,"Shortlisted","Not shortlisted: score below 8")) -> Rejected: removes a control | J13: —
... A16: R4 | B16: Let branch staff approve small loans themselves | C16: Eliminate | D16: PP-07 | E16: 3 | F16: 1 | G16: No | H16: =E16*(6-F16) -> 15 | I16: =IF(G16="No","Rejected: removes a control",IF(H16>=8,"Shortlisted","Not shortlisted: score below 8")) -> Rejected: removes a control | J16: —
A18: ECRS = Eliminate, Combine, Reorder, Simplify: four questions asked of every pain point.
A19: Score = Impact × (6 − Effort), so high-impact, low-effort ideas score highest (maximum 25). Rule: shortlisted if score ≥ 8 AND every regulatory control is kept; any idea that removes a control is dropped whatever its score.
A20: The 11 shortlisted ideas are combined into 6 chosen improvements (I1–I6, see the Chosen improvements tab) because several only work together, e.g. O1 (block incomplete submissions) needs O2 (a digital application) to exist.
A21: Controls that can be moved or automated but never removed: KYC (S01), explicit consent, Key Fact Statement before signing, disbursal only to the borrower's own account (S02), segregation of duties, final compliance check.
A22: Impact and Effort are judgement scores (blue); change them and Score and Decision update.

Sheet Chosen improvements
A1: ID | B1: Chosen improvement | C1: Ideas combined | D1: Pain points solved | E1: Root cause addressed | F1: Impact (highest idea) | G1: Effort (highest idea) | H1: Keeps every regulatory control? | I1: Controls explicitly kept
A2: I1 | B2: Digital application with enforced completeness | C2: O1, O2, O3 | D2: PP-01, PP-04 | E2: Root cause 1: completeness checked after the handoff, by the wrong team | F2: =MAX(Options!E2:E4) -> 5 | G2: =MAX(Options!F2:F4) -> 3 | H2: Yes | I2: KYC documents and consent still collected, now digitally
A3: I2 | B3: Automated checks at submission | C3: O4, O5 | D3: PP-04, PP-05, PP-06 | E3: Manual portals and email checks; bureau pulled last | F3: =MAX(Options!E5:E6) -> 4 | G3: =MAX(Options!F5:F6) -> 3 | H3: Yes | I3: KYC and PAN verification kept (S01); consent before the bureau pull
A4: I3 | B4: Rules-based credit decisioning | C4: O6 | D4: PP-04, PP-08 | E4: Every file decided by hand; income checked twice | F4: =Options!E7 -> 4 | G4: =Options!F7 -> 4 | H4: Yes | I4: Approved credit policy; every decision logged; borderline cases go to a person
A5: I4 | B5: One-step digital closing | C5: O8 | D5: PP-02, PP-03 | E5: Root cause 2: closing built around paper and separate steps | F5: =Options!E9 -> 5 | G5: =Options!F9 -> 3 | H5: Yes | I5: Key Fact Statement shown before signing; signed copies sent to the borrower (S02)
A6: I5 | B6: Workflow, SLAs and status tracking in the LOS | C6: O7, O10, O11 | D6: PP-07, PP-09, PP-10 | E6: Referrals and evidence handled outside the system | F6: =MAX(Options!E8,Options!E11,Options!E12) -> 3 | G6: =MAX(Options!F8,Options!F11,Options!F12) -> 2 | H6: Yes | I6: Screening review and deviation approval by authorised staff; final compliance check kept
A7: I6 | B7: LOS–core banking integration | C7: O9 | D7: PP-04 | E7: Manual bridge between the loan system and core banking | F7: =Options!E10 -> 3 | G7: =Options!F10 -> 3 | H7: Yes | I7: Disbursal only to the borrower's own verified account (S02)
A9: 6 chosen improvements, within the 4–6 the step asks for. Each links to at least one pain point and keeps every regulatory control. These are the changes drawn in the To-Be model.
