Workbook

Sheet UAT test cases
A1: Test ID | B1: User story | C1: Requirements tested | D1: Type | E1: Steps | F1: Test data | G1: Expected result | H1: Actual result | I1: Pass / Fail
A2: TC-01 | B2: US-01 | C2: FR-03 | D2: Positive | E2: Log in as a new salaried applicant. Start an application. Open the document checklist. | F2: Applicant type: salaried | G2: Checklist shows PAN, one identity/address proof, last 3 months' bank statement, latest salary slip.
A3: TC-02 | B3: US-02 | C3: FR-04, FR-05 | D3: Negative | E3: Complete the form, upload all documents except the salary slip, click Submit. | F3: Salary slip not uploaded | G3: Submission is blocked; message names the salary slip as missing.
A4: TC-03 | B4: US-02 | C4: FR-04, FR-05 | D4: Negative | E4: Upload a password-protected PDF as the bank statement. | F4: Locked PDF | G4: Upload rejected with the message asking for an unlocked copy.
A5: TC-04 | B5: US-03 | C5: FR-07, FR-08 | D5: Positive | E5: Submit an application in which two uploaded documents fail the quality check. | F5: Blurred PAN image; statement covering 2 months | G5: One request is sent listing both items with one upload link.
A6: TC-05 | B6: US-03 | C6: FR-07, FR-08 | D6: Negative | E6: Submit an application with a missing item and make no upload for 7 days. | F6: System date moved forward 7 days | G6: Application status becomes Lapsed; customer notified.
A7: TC-06 | B7: US-04 | C7: FR-09, FR-10 | D7: Positive | E7: Submit an application whose details match the CKYC record. | F7: Matching CKYC record | G7: KYC and PAN marked Verified; no task in the Credit Ops exception queue.
A8: TC-07 | B8: US-04 | C8: FR-09, FR-10 | D8: Negative | E8: Submit an application with a name that does not match the PAN. | F8: Name 'Varun A.' vs PAN 'Varun Arora' | G8: Application appears in the Credit Ops exception queue with the mismatch shown.
A9: TC-08 | B9: US-05 | C9: FR-14, FR-15, FR-16 | D9: Positive | E9: Submit an in-policy application. | F9: Score 760, DTI 35%, salaried at a listed employer | G9: Auto-approved; not placed in the underwriting queue.
A10: TC-09 | B10: US-05 | C10: FR-14, FR-15, FR-16 | D10: Negative | E10: Submit an application with DTI above the policy limit. | F10: DTI 70% (above the assumed 65% policy limit, modelled on S04) | G10: Referred to the underwriting queue with reason 'DTI above limit' and the ratio shown.
A11: TC-10 | B11: US-06 | C11: FR-17, FR-18 | D11: Negative | E11: Submit a deviation request and leave it unactioned past the SLA. | F11: SLA timer expires | G11: Item escalated to the Head of Retail Lending; escalation logged.
A12: TC-11 | B12: US-07 | C12: FR-20, FR-21, FR-22 | D12: Negative | E12: Open the offer and try to accept without opening the KFS. | F12: KFS not opened | G12: Accept button is disabled.
A13: TC-12 | B13: US-07 | C13: FR-20, FR-21, FR-22 | D13: Positive | E13: Open the KFS, accept, e-sign with Aadhaar OTP and approve the e-mandate. | F13: Valid Aadhaar OTP; valid bank account | G13: Application moves to the compliance check; signed documents emailed to the customer.
A14: TC-13 | B14: US-08 | C14: FR-23 | D14: Negative | E14: Attempt disbursal on a file with the signed agreement missing. | F14: Agreement not in evidence checklist | G14: Disbursal blocked; missing item named.
A16: Summary
A17: Total test cases | C17: =COUNTA(A2:A14) -> 13
A18: Negative tests | C18: =COUNTIF(D2:D14,"Negative") -> 8
A19: Passed | C19: =COUNTIF(I2:I14,"Pass") -> 0
A20: Failed | C20: =COUNTIF(I2:I14,"Fail") -> 0
A21: Not yet run | C21: =COUNTBLANK(I2:I14) -> 13
A23: Yellow columns are filled in during testing. Negative tests check what the system must stop, which is often where controls live.

Sheet Story coverage
A1: User story | B1: Role | C1: Test cases | D1: Number of tests | E1: Has a negative test? | F1: Covered?
A2: US-01 | B2: Customer | C2: TC-01 | D2: =COUNTIF('UAT test cases'!B2:B14,A2) -> 1 | E2: No | F2: =IF(D2>=1,"Yes","No") -> Yes
A3: US-02 | B3: Customer | C3: TC-02, TC-03 | D3: =COUNTIF('UAT test cases'!B2:B14,A3) -> 2 | E3: Yes | F3: =IF(D3>=1,"Yes","No") -> Yes
A4: US-03 | B4: Customer | C4: TC-04, TC-05 | D4: =COUNTIF('UAT test cases'!B2:B14,A4) -> 2 | E4: Yes | F4: =IF(D4>=1,"Yes","No") -> Yes
A5: US-04 | B5: Credit Operations Analyst | C5: TC-06, TC-07 | D5: =COUNTIF('UAT test cases'!B2:B14,A5) -> 2 | E5: Yes | F5: =IF(D5>=1,"Yes","No") -> Yes
A6: US-05 | B6: Underwriter | C6: TC-08, TC-09 | D6: =COUNTIF('UAT test cases'!B2:B14,A6) -> 2 | E6: Yes | F6: =IF(D6>=1,"Yes","No") -> Yes
A7: US-06 | B7: Credit Manager | C7: TC-10 | D7: =COUNTIF('UAT test cases'!B2:B14,A7) -> 1 | E7: Yes | F7: =IF(D7>=1,"Yes","No") -> Yes
A8: US-07 | B8: Customer | C8: TC-11, TC-12 | D8: =COUNTIF('UAT test cases'!B2:B14,A8) -> 2 | E8: Yes | F8: =IF(D8>=1,"Yes","No") -> Yes
A9: US-08 | B9: Risk & Compliance Officer | C9: TC-13 | D9: =COUNTIF('UAT test cases'!B2:B14,A9) -> 1 | E9: Yes | F9: =IF(D9>=1,"Yes","No") -> Yes
A11: Done-when check: every user story has at least one test case.
